atlas_id,name,depth,parent_structure_id,color_hex_triplet
997,root,0,,FFFFFF
8,Basic cell groups and regions,1,997.0,BFDAE3
567,Cerebrum,2,8.0,B0F0FF
688,Cerebral cortex,3,567.0,B0FFB8
695,Cortical plate,4,688.0,70FF70
315,Isocortex,5,695.0,70FF71
184,"Frontal pole, cerebral cortex",6,315.0,268F45
68,"Frontal pole, layer 1",7,184.0,268F45
667,"Frontal pole, layer 2/3",7,184.0,268F45
526157192,"Frontal pole, layer 5",7,184.0,268F45
526157196,"Frontal pole, layer 6a",7,184.0,268F45
526322264,"Frontal pole, layer 6b",7,184.0,268F45
500,Somatomotor areas,6,315.0,1F9D5A
107,"Somatomotor areas, Layer 1",7,500.0,1F9D5A
219,"Somatomotor areas, Layer 2/3",7,500.0,1F9D5A
299,"Somatomotor areas, Layer 5",7,500.0,1F9D5A
644,"Somatomotor areas, Layer 6a",7,500.0,1F9D5A
947,"Somatomotor areas, Layer 6b",7,500.0,1F9D5A
985,Primary motor area,7,500.0,1F9D5A
320,"Primary motor area, Layer 1",8,985.0,1F9D5A
943,"Primary motor area, Layer 2/3",8,985.0,1F9D5A
648,"Primary motor area, Layer 5",8,985.0,1F9D5A
844,"Primary motor area, Layer 6a",8,985.0,1F9D5A
882,"Primary motor area, Layer 6b",8,985.0,1F9D5A
993,Secondary motor area,7,500.0,1F9D5A
656,"Secondary motor area, layer 1",8,993.0,1F9D5A
962,"Secondary motor area, layer 2/3",8,993.0,1F9D5A
767,"Secondary motor area, layer 5",8,993.0,1F9D5A
1021,"Secondary motor area, layer 6a",8,993.0,1F9D5A
1085,"Secondary motor area, layer 6b",8,993.0,1F9D5A
453,Somatosensory areas,6,315.0,188064
12993,"Somatosensory areas, layer 1",7,453.0,188064
12994,"Somatosensory areas, layer 2/3",7,453.0,188064
12995,"Somatosensory areas, layer 4",7,453.0,188064
12996,"Somatosensory areas, layer 5",7,453.0,188064
12997,"Somatosensory areas, layer 6a",7,453.0,188064
12998,"Somatosensory areas, layer 6b",7,453.0,188064
322,Primary somatosensory area,7,453.0,188064
793,"Primary somatosensory area, layer 1",8,322.0,188064
346,"Primary somatosensory area, layer 2/3",8,322.0,188064
865,"Primary somatosensory area, layer 4",8,322.0,188064
921,"Primary somatosensory area, layer 5",8,322.0,188064
686,"Primary somatosensory area, layer 6a",8,322.0,188064
719,"Primary somatosensory area, layer 6b",8,322.0,188064
353,"Primary somatosensory area, nose",8,322.0,188064
558,"Primary somatosensory area, nose, layer 1",9,353.0,188064
838,"Primary somatosensory area, nose, layer 2/3",9,353.0,188064
654,"Primary somatosensory area, nose, layer 4",9,353.0,188064
702,"Primary somatosensory area, nose, layer 5",9,353.0,188064
889,"Primary somatosensory area, nose, layer 6a",9,353.0,188064
929,"Primary somatosensory area, nose, layer 6b",9,353.0,188064
329,"Primary somatosensory area, barrel field",8,322.0,188064
981,"Primary somatosensory area, barrel field, layer 1",9,329.0,188064
201,"Primary somatosensory area, barrel field, layer 2/3",9,329.0,188064
1047,"Primary somatosensory area, barrel field, layer 4",9,329.0,188064
1070,"Primary somatosensory area, barrel field, layer 5",9,329.0,188064
1038,"Primary somatosensory area, barrel field, layer 6a",9,329.0,188064
1062,"Primary somatosensory area, barrel field, layer 6b",9,329.0,188064
480149202,Rostrolateral lateral visual area,9,329.0,188064
480149206,"Rostrolateral lateral visual area, layer 1",10,480149202.0,188064
480149210,"Rostrolateral lateral visual area, layer 2/3",10,480149202.0,188064
480149214,"Rostrolateral lateral visual area, layer 4",10,480149202.0,188064
480149218,"Rostrolateral lateral visual area,layer 5",10,480149202.0,188064
480149222,"Rostrolateral lateral visual area, layer 6a",10,480149202.0,188064
480149226,"Rostrolateral lateral visual area, layer 6b",10,480149202.0,188064
337,"Primary somatosensory area, lower limb",8,322.0,188064
1030,"Primary somatosensory area, lower limb, layer 1",9,337.0,188064
113,"Primary somatosensory area, lower limb, layer 2/3",9,337.0,188064
1094,"Primary somatosensory area, lower limb, layer 4",9,337.0,188064
1128,"Primary somatosensory area, lower limb, layer 5",9,337.0,188064
478,"Primary somatosensory area, lower limb, layer 6a",9,337.0,188064
510,"Primary somatosensory area, lower limb, layer 6b",9,337.0,188064
345,"Primary somatosensory area, mouth",8,322.0,188064
878,"Primary somatosensory area, mouth, layer 1",9,345.0,188064
657,"Primary somatosensory area, mouth, layer 2/3",9,345.0,188064
950,"Primary somatosensory area, mouth, layer 4",9,345.0,188064
974,"Primary somatosensory area, mouth, layer 5",9,345.0,188064
1102,"Primary somatosensory area, mouth, layer 6a",9,345.0,188064
2,"Primary somatosensory area, mouth, layer 6b",9,345.0,188064
369,"Primary somatosensory area, upper limb",8,322.0,188064
450,"Primary somatosensory area, upper limb, layer 1",9,369.0,188064
854,"Primary somatosensory area, upper limb, layer 2/3",9,369.0,188064
577,"Primary somatosensory area, upper limb, layer 4",9,369.0,188064
625,"Primary somatosensory area, upper limb, layer 5",9,369.0,188064
945,"Primary somatosensory area, upper limb, layer 6a",9,369.0,188064
1026,"Primary somatosensory area, upper limb, layer 6b",9,369.0,188064
361,"Primary somatosensory area, trunk",8,322.0,188064
1006,"Primary somatosensory area, trunk, layer 1",9,361.0,188064
670,"Primary somatosensory area, trunk, layer 2/3",9,361.0,188064
1086,"Primary somatosensory area, trunk, layer 4",9,361.0,188064
1111,"Primary somatosensory area, trunk, layer 5",9,361.0,188064
9,"Primary somatosensory area, trunk, layer 6a",9,361.0,188064
461,"Primary somatosensory area, trunk, layer 6b",9,361.0,188064
182305689,"Primary somatosensory area, unassigned",8,322.0,188064
182305693,"Primary somatosensory area, unassigned, layer 1",9,182305689.0,188064
182305697,"Primary somatosensory area, unassigned, layer 2/3",9,182305689.0,188064
182305701,"Primary somatosensory area, unassigned, layer 4",9,182305689.0,188064
182305705,"Primary somatosensory area, unassigned, layer 5",9,182305689.0,188064
182305709,"Primary somatosensory area, unassigned, layer 6a",9,182305689.0,188064
182305713,"Primary somatosensory area, unassigned, layer 6b",9,182305689.0,188064
378,Supplemental somatosensory area,7,453.0,188064
873,"Supplemental somatosensory area, layer 1",8,378.0,188064
806,"Supplemental somatosensory area, layer 2/3",8,378.0,188064
1035,"Supplemental somatosensory area, layer 4",8,378.0,188064
1090,"Supplemental somatosensory area, layer 5",8,378.0,188064
862,"Supplemental somatosensory area, layer 6a",8,378.0,188064
893,"Supplemental somatosensory area, layer 6b",8,378.0,188064
1057,Gustatory areas,6,315.0,009C75
36,"Gustatory areas, layer 1",7,1057.0,009C75
180,"Gustatory areas, layer 2/3",7,1057.0,009C75
148,"Gustatory areas, layer 4",7,1057.0,009C75
187,"Gustatory areas, layer 5",7,1057.0,009C75
638,"Gustatory areas, layer 6a",7,1057.0,009C75
662,"Gustatory areas, layer 6b",7,1057.0,009C75
677,Visceral area,6,315.0,11AD83
897,"Visceral area, layer 1",7,677.0,11AD83
1106,"Visceral area, layer 2/3",7,677.0,11AD83
1010,"Visceral area, layer 4",7,677.0,11AD83
1058,"Visceral area, layer 5",7,677.0,11AD83
857,"Visceral area, layer 6a",7,677.0,11AD83
849,"Visceral area, layer 6b",7,677.0,11AD83
247,Auditory areas,6,315.0,019399
1011,Dorsal auditory area,7,247.0,019399
527,"Dorsal auditory area, layer 1",8,1011.0,019399
600,"Dorsal auditory area, layer 2/3",8,1011.0,019399
678,"Dorsal auditory area, layer 4",8,1011.0,019399
252,"Dorsal auditory area, layer 5",8,1011.0,019399
156,"Dorsal auditory area, layer 6a",8,1011.0,019399
243,"Dorsal auditory area, layer 6b",8,1011.0,019399
480149230,Laterolateral anterior visual area,8,1011.0,019399
480149234,"Laterolateral anterior visual area, layer 1",9,480149230.0,019399
480149238,"Laterolateral anterior visual area, layer 2/3",9,480149230.0,019399
480149242,"Laterolateral anterior visual area, layer 4",9,480149230.0,019399
480149246,"Laterolateral anterior visual area,layer 5",9,480149230.0,019399
480149250,"Laterolateral anterior visual area, layer 6a",9,480149230.0,019399
480149254,"Laterolateral anterior visual area, layer 6b",9,480149230.0,019399
1002,Primary auditory area,7,247.0,019399
735,"Primary auditory area, layer 1",8,1002.0,019399
251,"Primary auditory area, layer 2/3",8,1002.0,019399
816,"Primary auditory area, layer 4",8,1002.0,019399
847,"Primary auditory area, layer 5",8,1002.0,019399
954,"Primary auditory area, layer 6a",8,1002.0,019399
1005,"Primary auditory area, layer 6b",8,1002.0,019399
1027,Posterior auditory area,7,247.0,019399
696,"Posterior auditory area, layer 1",8,1027.0,019399
643,"Posterior auditory area, layer 2/3",8,1027.0,019399
759,"Posterior auditory area, layer 4",8,1027.0,019399
791,"Posterior auditory area, layer 5",8,1027.0,019399
249,"Posterior auditory area, layer 6a",8,1027.0,019399
456,"Posterior auditory area, layer 6b",8,1027.0,019399
1018,Ventral auditory area,7,247.0,019399
959,"Ventral auditory area, layer 1",8,1018.0,019399
755,"Ventral auditory area, layer 2/3",8,1018.0,019399
990,"Ventral auditory area, layer 4",8,1018.0,019399
1023,"Ventral auditory area, layer 5",8,1018.0,019399
520,"Ventral auditory area, layer 6a",8,1018.0,019399
598,"Ventral auditory area, layer 6b",8,1018.0,019399
669,Visual areas,6,315.0,08858C
801,"Visual areas, layer 1",7,669.0,08858C
561,"Visual areas, layer 2/3",7,669.0,08858C
913,"Visual areas, layer 4",7,669.0,08858C
937,"Visual areas, layer 5",7,669.0,08858C
457,"Visual areas, layer 6a",7,669.0,08858C
497,"Visual areas, layer 6b",7,669.0,08858C
402,Anterolateral visual area,7,669.0,08858C
1074,"Anterolateral visual area, layer 1",8,402.0,08858C
905,"Anterolateral visual area, layer 2/3",8,402.0,08858C
1114,"Anterolateral visual area, layer 4",8,402.0,08858C
233,"Anterolateral visual area, layer 5",8,402.0,08858C
601,"Anterolateral visual area, layer 6a",8,402.0,08858C
649,"Anterolateral visual area, layer 6b",8,402.0,08858C
394,Anteromedial visual area,7,669.0,08858C
281,"Anteromedial visual area, layer 1",8,394.0,08858C
1066,"Anteromedial visual area, layer 2/3",8,394.0,08858C
401,"Anteromedial visual area, layer 4",8,394.0,08858C
433,"Anteromedial visual area, layer 5",8,394.0,08858C
1046,"Anteromedial visual area, layer 6a",8,394.0,08858C
441,"Anteromedial visual area, layer 6b",8,394.0,08858C
409,Lateral visual area,7,669.0,08858C
421,"Lateral visual area, layer 1",8,409.0,08858C
973,"Lateral visual area, layer 2/3",8,409.0,08858C
573,"Lateral visual area, layer 4",8,409.0,08858C
613,"Lateral visual area, layer 5",8,409.0,08858C
74,"Lateral visual area, layer 6a",8,409.0,08858C
121,"Lateral visual area, layer 6b",8,409.0,08858C
385,Primary visual area,7,669.0,08858C
593,"Primary visual area, layer 1",8,385.0,08858C
821,"Primary visual area, layer 2/3",8,385.0,08858C
721,"Primary visual area, layer 4",8,385.0,08858C
778,"Primary visual area, layer 5",8,385.0,08858C
33,"Primary visual area, layer 6a",8,385.0,08858C
305,"Primary visual area, layer 6b",8,385.0,08858C
425,Posterolateral visual area,7,669.0,08858C
750,"Posterolateral visual area, layer 1",8,425.0,08858C
269,"Posterolateral visual area, layer 2/3",8,425.0,08858C
869,"Posterolateral visual area, layer 4",8,425.0,08858C
902,"Posterolateral visual area, layer 5",8,425.0,08858C
377,"Posterolateral visual area, layer 6a",8,425.0,08858C
393,"Posterolateral visual area, layer 6b",8,425.0,08858C
533,posteromedial visual area,7,669.0,08858C
805,"posteromedial visual area, layer 1",8,533.0,08858C
41,"posteromedial visual area, layer 2/3",8,533.0,08858C
501,"posteromedial visual area, layer 4",8,533.0,08858C
565,"posteromedial visual area, layer 5",8,533.0,08858C
257,"posteromedial visual area, layer 6a",8,533.0,08858C
469,"posteromedial visual area, layer 6b",8,533.0,08858C
312782574,Laterointermediate area,7,669.0,08858C
312782578,"Laterointermediate area, layer 1",8,312782574.0,08858C
312782582,"Laterointermediate area, layer 2/3",8,312782574.0,08858C
312782586,"Laterointermediate area, layer 4",8,312782574.0,08858C
312782590,"Laterointermediate area, layer 5",8,312782574.0,08858C
312782594,"Laterointermediate area, layer 6a",8,312782574.0,08858C
312782598,"Laterointermediate area, layer 6b",8,312782574.0,08858C
312782628,Postrhinal area,7,669.0,08858C
312782632,"Postrhinal area, layer 1",8,312782628.0,08858C
312782636,"Postrhinal area, layer 2/3",8,312782628.0,08858C
312782640,"Postrhinal area, layer 4",8,312782628.0,08858C
312782644,"Postrhinal area, layer 5",8,312782628.0,08858C
312782648,"Postrhinal area, layer 6a",8,312782628.0,08858C
312782652,"Postrhinal area, layer 6b",8,312782628.0,08858C
31,Anterior cingulate area,6,315.0,40A666
572,"Anterior cingulate area, layer 1",7,31.0,40A666
1053,"Anterior cingulate area, layer 2/3",7,31.0,40A666
739,"Anterior cingulate area, layer 5",7,31.0,40A666
179,"Anterior cingulate area, layer 6a",7,31.0,40A666
227,"Anterior cingulate area, layer 6b",7,31.0,40A666
39,"Anterior cingulate area, dorsal part",7,31.0,40A666
935,"Anterior cingulate area, dorsal part, layer 1",8,39.0,40A666
211,"Anterior cingulate area, dorsal part, layer 2/3",8,39.0,40A666
1015,"Anterior cingulate area, dorsal part, layer 5",8,39.0,40A666
919,"Anterior cingulate area, dorsal part, layer 6a",8,39.0,40A666
927,"Anterior cingulate area, dorsal part, layer 6b",8,39.0,40A666
48,"Anterior cingulate area, ventral part",7,31.0,40A666
588,"Anterior cingulate area, ventral part, layer 1",8,48.0,40A666
296,"Anterior cingulate area, ventral part, layer 2/3",8,48.0,40A666
772,"Anterior cingulate area, ventral part, layer 5",8,48.0,40A666
810,"Anterior cingulate area, ventral part, 6a",8,48.0,40A666
819,"Anterior cingulate area, ventral part, 6b",8,48.0,40A666
972,Prelimbic area,6,315.0,2FA850
171,"Prelimbic area, layer 1",7,972.0,2FA850
195,"Prelimbic area, layer 2",7,972.0,2FA850
304,"Prelimbic area, layer 2/3",7,972.0,2FA850
363,"Prelimbic area, layer 5",7,972.0,2FA850
84,"Prelimbic area, layer 6a",7,972.0,2FA850
132,"Prelimbic area, layer 6b",7,972.0,2FA850
44,Infralimbic area,6,315.0,59B363
707,"Infralimbic area, layer 1",7,44.0,59B363
747,"Infralimbic area, layer 2",7,44.0,59B363
556,"Infralimbic area, layer 2/3",7,44.0,59B363
827,"Infralimbic area, layer 5",7,44.0,59B363
1054,"Infralimbic area, layer 6a",7,44.0,59B363
1081,"Infralimbic area, layer 6b",7,44.0,59B363
714,Orbital area,6,315.0,248A5E
264,"Orbital area, layer 1",7,714.0,248A5E
492,"Orbital area, layer 2/3",7,714.0,248A5E
352,"Orbital area, layer 5",7,714.0,248A5E
476,"Orbital area, layer 6a",7,714.0,248A5E
516,"Orbital area, layer 6b",7,714.0,248A5E
723,"Orbital area, lateral part",7,714.0,248A5E
448,"Orbital area, lateral part, layer 1",8,723.0,248A5E
412,"Orbital area, lateral part, layer 2/3",8,723.0,248A5E
630,"Orbital area, lateral part, layer 5",8,723.0,248A5E
440,"Orbital area, lateral part, layer 6a",8,723.0,248A5E
488,"Orbital area, lateral part, layer 6b",8,723.0,248A5E
731,"Orbital area, medial part",7,714.0,248A5E
484,"Orbital area, medial part, layer 1",8,731.0,248A5E
524,"Orbital area, medial part, layer 2",8,731.0,248A5E
582,"Orbital area, medial part, layer 2/3",8,731.0,248A5E
620,"Orbital area, medial part, layer 5",8,731.0,248A5E
910,"Orbital area, medial part, layer 6a",8,731.0,248A5E
527696977,"Orbital area, medial part, layer 6b",8,731.0,248A5E
738,"Orbital area, ventral part",7,714.0,248A5E
746,"Orbital area, ventrolateral part",7,714.0,248A5E
969,"Orbital area, ventrolateral part, layer 1",8,746.0,248A5E
288,"Orbital area, ventrolateral part, layer 2/3",8,746.0,248A5E
1125,"Orbital area, ventrolateral part, layer 5",8,746.0,248A5E
608,"Orbital area, ventrolateral part, layer 6a",8,746.0,248A5E
680,"Orbital area, ventrolateral part, layer 6b",8,746.0,248A5E
95,Agranular insular area,6,315.0,219866
104,"Agranular insular area, dorsal part",7,95.0,219866
996,"Agranular insular area, dorsal part, layer 1",8,104.0,219866
328,"Agranular insular area, dorsal part, layer 2/3",8,104.0,219866
1101,"Agranular insular area, dorsal part, layer 5",8,104.0,219866
783,"Agranular insular area, dorsal part, layer 6a",8,104.0,219866
831,"Agranular insular area, dorsal part, layer 6b",8,104.0,219866
111,"Agranular insular area, posterior part",7,95.0,219866
120,"Agranular insular area, posterior part, layer 1",8,111.0,219866
163,"Agranular insular area, posterior part, layer 2/3",8,111.0,219866
344,"Agranular insular area, posterior part, layer 5",8,111.0,219866
314,"Agranular insular area, posterior part, layer 6a",8,111.0,219866
355,"Agranular insular area, posterior part, layer 6b",8,111.0,219866
119,"Agranular insular area, ventral part",7,95.0,219866
704,"Agranular insular area, ventral part, layer 1",8,119.0,219866
694,"Agranular insular area, ventral part, layer 2/3",8,119.0,219866
800,"Agranular insular area, ventral part, layer 5",8,119.0,219866
675,"Agranular insular area, ventral part, layer 6a",8,119.0,219866
699,"Agranular insular area, ventral part, layer 6b",8,119.0,219866
254,Retrosplenial area,6,315.0,1AA698
894,"Retrosplenial area, lateral agranular part",7,254.0,1AA698
671,"Retrosplenial area, lateral agranular part, layer 1",8,894.0,1AA698
965,"Retrosplenial area, lateral agranular part, layer 2/3",8,894.0,1AA698
774,"Retrosplenial area, lateral agranular part, layer 5",8,894.0,1AA698
906,"Retrosplenial area, lateral agranular part, layer 6a",8,894.0,1AA698
279,"Retrosplenial area, lateral agranular part, layer 6b",8,894.0,1AA698
480149258,Mediomedial anterior visual area,8,894.0,1AA698
480149262,"Mediomedial anterior visual area, layer 1",9,480149258.0,1AA698
480149266,"Mediomedial anterior visual area, layer 2/3",9,480149258.0,1AA698
480149270,"Mediomedial anterior visual area, layer 4",9,480149258.0,1AA698
480149274,"Mediomedial anterior visual area,layer 5",9,480149258.0,1AA698
480149278,"Mediomedial anterior visual area, layer 6a",9,480149258.0,1AA698
480149282,"Mediomedial anterior visual area, layer 6b",9,480149258.0,1AA698
480149286,Mediomedial posterior visual area,8,894.0,1AA698
480149290,"Mediomedial posterior visual area, layer 1",9,480149286.0,1AA698
480149294,"Mediomedial posterior visual area, layer 2/3",9,480149286.0,1AA698
480149298,"Mediomedial posterior visual area, layer 4",9,480149286.0,1AA698
480149302,"Mediomedial posterior visual area,layer 5",9,480149286.0,1AA698
480149306,"Mediomedial posterior visual area, layer 6a",9,480149286.0,1AA698
480149310,"Mediomedial posterior visual area, layer 6b",9,480149286.0,1AA698
480149314,Medial visual area,8,894.0,1AA698
480149318,"Medial visual area, layer 1",9,480149314.0,1AA698
480149322,"Medial visual area, layer 2/3",9,480149314.0,1AA698
480149326,"Medial visual area, layer 4",9,480149314.0,1AA698
480149330,"Medial visual area,layer 5",9,480149314.0,1AA698
480149334,"Medial visual area, layer 6a",9,480149314.0,1AA698
480149338,"Medial visual area, layer 6b",9,480149314.0,1AA698
879,"Retrosplenial area, dorsal part",7,254.0,1AA698
442,"Retrosplenial area, dorsal part, layer 1",8,879.0,1AA698
434,"Retrosplenial area, dorsal part, layer 2/3",8,879.0,1AA698
545,"Retrosplenial area, dorsal part, layer 4",8,879.0,1AA698
610,"Retrosplenial area, dorsal part, layer 5",8,879.0,1AA698
274,"Retrosplenial area, dorsal part, layer 6a",8,879.0,1AA698
330,"Retrosplenial area, dorsal part, layer 6b",8,879.0,1AA698
886,"Retrosplenial area, ventral part",7,254.0,1AA698
542,"Retrosplenial area, ventral part, layer 1",8,886.0,1AA698
606,"Retrosplenial area, ventral part, layer 2",8,886.0,1AA698
430,"Retrosplenial area, ventral part, layer 2/3",8,886.0,1AA698
687,"Retrosplenial area, ventral part, layer 5",8,886.0,1AA698
590,"Retrosplenial area, ventral part, layer 6a",8,886.0,1AA698
622,"Retrosplenial area, ventral part, layer 6b",8,886.0,1AA698
22,Posterior parietal association areas,6,315.0,009FAC
532,"Posterior parietal association areas, layer 1",7,22.0,009FAC
241,"Posterior parietal association areas, layer 2/3",7,22.0,009FAC
635,"Posterior parietal association areas, layer 4",7,22.0,009FAC
683,"Posterior parietal association areas, layer 5",7,22.0,009FAC
308,"Posterior parietal association areas, layer 6a",7,22.0,009FAC
340,"Posterior parietal association areas, layer 6b",7,22.0,009FAC
312782546,Anterior area,7,22.0,009FAC
312782550,"Anterior area, layer 1",8,312782546.0,009FAC
312782554,"Anterior area, layer 2/3",8,312782546.0,009FAC
312782558,"Anterior area, layer 4",8,312782546.0,009FAC
312782562,"Anterior area, layer 5",8,312782546.0,009FAC
312782566,"Anterior area, layer 6a",8,312782546.0,009FAC
312782570,"Anterior area, layer 6b",8,312782546.0,009FAC
417,Rostrolateral visual area,7,22.0,009FAC
312782604,"Rostrolateral area, layer 1",8,417.0,009FAC
312782608,"Rostrolateral area, layer 2/3",8,417.0,009FAC
312782612,"Rostrolateral area, layer 4",8,417.0,009FAC
312782616,"Rostrolateral area, layer 5",8,417.0,009FAC
312782620,"Rostrolateral area, layer 6a",8,417.0,009FAC
312782624,"Rostrolateral area, layer 6b",8,417.0,009FAC
541,Temporal association areas,6,315.0,15B0B3
97,"Temporal association areas, layer 1",7,541.0,15B0B3
1127,"Temporal association areas, layer 2/3",7,541.0,15B0B3
234,"Temporal association areas, layer 4",7,541.0,15B0B3
289,"Temporal association areas, layer 5",7,541.0,15B0B3
729,"Temporal association areas, layer 6a",7,541.0,15B0B3
786,"Temporal association areas, layer 6b",7,541.0,15B0B3
922,Perirhinal area,6,315.0,0E9684
540,"Perirhinal area, layer 1",7,922.0,0E9684
888,"Perirhinal area, layer 2/3",7,922.0,0E9684
692,"Perirhinal area, layer 5",7,922.0,0E9684
335,"Perirhinal area, layer 6a",7,922.0,0E9684
368,"Perirhinal area, layer 6b",7,922.0,0E9684
895,Ectorhinal area,6,315.0,0D9F91
836,Ectorhinal area/Layer 1,7,895.0,0D9F91
427,Ectorhinal area/Layer 2/3,7,895.0,0D9F91
988,Ectorhinal area/Layer 5,7,895.0,0D9F91
977,Ectorhinal area/Layer 6a,7,895.0,0D9F91
1045,Ectorhinal area/Layer 6b,7,895.0,0D9F91
698,Olfactory areas,5,695.0,9AD2BD
507,Main olfactory bulb,6,698.0,9AD2BD
212,"Main olfactory bulb, glomerular layer",7,507.0,82C7AE
220,"Main olfactory bulb, granule layer",7,507.0,82C7AE
228,"Main olfactory bulb, inner plexiform layer",7,507.0,9AD2BD
236,"Main olfactory bulb, mitral layer",7,507.0,82C7AE
244,"Main olfactory bulb, outer plexiform layer",7,507.0,9AD2BD
151,Accessory olfactory bulb,6,698.0,9DF0D2
188,"Accessory olfactory bulb, glomerular layer",7,151.0,9DF0D2
196,"Accessory olfactory bulb, granular layer",7,151.0,95E4C8
204,"Accessory olfactory bulb, mitral layer",7,151.0,9DF0D2
159,Anterior olfactory nucleus,6,698.0,54BF94
167,"Anterior olfactory nucleus, dorsal part",7,159.0,54BF94
175,"Anterior olfactory nucleus, external part",7,159.0,54BF94
183,"Anterior olfactory nucleus, lateral part",7,159.0,54BF94
191,"Anterior olfactory nucleus, medial part",7,159.0,54BF94
199,"Anterior olfactory nucleus, posteroventral part",7,159.0,54BF94
160,"Anterior olfactory nucleus, layer 1",7,159.0,54BF94
168,"Anterior olfactory nucleus, layer 2",7,159.0,54BF94
589,Taenia tecta,6,698.0,62D09F
597,"Taenia tecta, dorsal part",7,589.0,62D09F
297,"Taenia tecta, dorsal part, layers 1-4",8,597.0,62D09F
1034,"Taenia tecta, dorsal part, layer 1",8,597.0,62D09F
1042,"Taenia tecta, dorsal part, layer 2",8,597.0,62D09F
1050,"Taenia tecta, dorsal part, layer 3",8,597.0,62D09F
1059,"Taenia tecta, dorsal part, layer 4",8,597.0,62D09F
605,"Taenia tecta, ventral part",7,589.0,62D09F
306,"Taenia tecta, ventral part, layers 1-3",8,605.0,62D09F
1067,"Taenia tecta, ventral part, layer 1",8,605.0,62D09F
1075,"Taenia tecta, ventral part, layer 2",8,605.0,62D09F
1082,"Taenia tecta, ventral part, layer 3",8,605.0,62D09F
814,Dorsal peduncular area,6,698.0,A4DAA4
496,"Dorsal peduncular area, layer 1",7,814.0,A4DAA4
535,"Dorsal peduncular area, layer 2",7,814.0,A4DAA4
360,"Dorsal peduncular area, layer 2/3",7,814.0,A4DAA4
646,"Dorsal peduncular area, layer 5",7,814.0,A4DAA4
267,"Dorsal peduncular area, layer 6a",7,814.0,A4DAA4
961,Piriform area,6,698.0,6ACBBA
152,"Piriform area, layers 1-3",7,961.0,6ACBBA
276,"Piriform area, molecular layer",7,961.0,6ACBBA
284,"Piriform area, pyramidal layer",7,961.0,6ACBBA
291,"Piriform area, polymorph layer",7,961.0,6ACBBA
619,Nucleus of the lateral olfactory tract,6,698.0,95E4C8
392,"Nucleus of the lateral olfactory tract, layers 1-3",7,619.0,95E4C8
260,"Nucleus of the lateral olfactory tract, molecular layer",7,619.0,95E4C8
268,"Nucleus of the lateral olfactory tract, pyramidal layer",7,619.0,95E4C8
1139,"Nucleus of the lateral olfactory tract, layer 3",7,619.0,95E4C8
631,Cortical amygdalar area,6,698.0,61E7B7
639,"Cortical amygdalar area, anterior part",7,631.0,61E7B7
192,"Cortical amygdalar area, anterior part, layer 1",8,639.0,61E7B7
200,"Cortical amygdalar area, anterior part, layer 2",8,639.0,61E7B7
208,"Cortical amygdalar area, anterior part, layer 3",8,639.0,61E7B7
647,"Cortical amygdalar area, posterior part",7,631.0,61E7B7
655,"Cortical amygdalar area, posterior part, lateral zone",8,647.0,61E7B7
584,"Cortical amygdalar area, posterior part, lateral zone, layers 1-2",9,655.0,61E7B7
376,"Cortical amygdalar area, posterior part, lateral zone, layers 1-3",9,655.0,61E7B7
216,"Cortical amygdalar area, posterior part, lateral zone, layer 1",9,655.0,61E7B7
224,"Cortical amygdalar area, posterior part, lateral zone, layer 2",9,655.0,61E7B7
232,"Cortical amygdalar area, posterior part, lateral zone, layer 3",9,655.0,61E7B7
663,"Cortical amygdalar area, posterior part, medial zone",8,647.0,61E7B7
592,"Cortical amygdalar area, posterior part, medial zone, layers 1-2",9,663.0,61E7B7
383,"Cortical amygdalar area, posterior part, medial zone, layers 1-3",9,663.0,61E7B7
240,"Cortical amygdalar area, posterior part, medial zone, layer 1",9,663.0,61E7B7
248,"Cortical amygdalar area, posterior part, medial zone, layer 2",9,663.0,61E7B7
256,"Cortical amygdalar area, posterior part, medial zone, layer 3",9,663.0,61E7B7
788,Piriform-amygdalar area,6,698.0,59DAAB
400,"Piriform-amygdalar area, layers 1-3",7,788.0,59DAAB
408,"Piriform-amygdalar area, molecular layer",7,788.0,59DAAB
416,"Piriform-amygdalar area, pyramidal layer",7,788.0,59DAAB
424,"Piriform-amygdalar area, polymorph layer",7,788.0,59DAAB
566,Postpiriform transition area,6,698.0,A8ECD3
517,"Postpiriform transition area, layers 1-3",7,566.0,A8ECD3
1140,"Postpiriform transition area, layers 1",7,566.0,A8ECD3
1141,"Postpiriform transition area, layers 2",7,566.0,A8ECD3
1142,"Postpiriform transition area, layers 3",7,566.0,A8ECD3
1089,Hippocampal formation,5,695.0,7ED04B
1080,Hippocampal region,6,1089.0,7ED04B
375,Ammon's horn,7,1080.0,7ED04B
382,Field CA1,8,375.0,7ED04B
391,"Field CA1, stratum lacunosum-moleculare",9,382.0,7ED04B
399,"Field CA1, stratum oriens",9,382.0,7ED04B
407,"Field CA1, pyramidal layer",9,382.0,66A83D
415,"Field CA1, stratum radiatum",9,382.0,7ED04B
423,Field CA2,8,375.0,7ED04B
431,"Field CA2, stratum lacunosum-moleculare",9,423.0,7ED04B
438,"Field CA2, stratum oriens",9,423.0,7ED04B
446,"Field CA2, pyramidal layer",9,423.0,66A83D
454,"Field CA2, stratum radiatum",9,423.0,7ED04B
463,Field CA3,8,375.0,7ED04B
471,"Field CA3, stratum lacunosum-moleculare",9,463.0,7ED04B
479,"Field CA3, stratum lucidum",9,463.0,7ED04B
486,"Field CA3, stratum oriens",9,463.0,7ED04B
495,"Field CA3, pyramidal layer",9,463.0,66A83D
504,"Field CA3, stratum radiatum",9,463.0,7ED04B
726,Dentate gyrus,7,1080.0,7ED04B
10703,"Dentate gyrus, molecular layer",8,726.0,7ED04B
10704,"Dentate gyrus, polymorph layer",8,726.0,7ED04B
632,"Dentate gyrus, granule cell layer",8,726.0,66A83D
10702,"Dentate gyrus, subgranular zone",8,726.0,7ED04B
734,Dentate gyrus crest,8,726.0,7ED04B
742,"Dentate gyrus crest, molecular layer",9,734.0,7ED04B
751,"Dentate gyrus crest, polymorph layer",9,734.0,7ED04B
758,"Dentate gyrus crest, granule cell layer",9,734.0,7ED04B
766,Dentate gyrus lateral blade,8,726.0,7ED04B
775,"Dentate gyrus lateral blade, molecular layer",9,766.0,7ED04B
782,"Dentate gyrus lateral blade, polymorph layer",9,766.0,7ED04B
790,"Dentate gyrus lateral blade, granule cell layer",9,766.0,7ED04B
799,Dentate gyrus medial blade,8,726.0,7ED04B
807,"Dentate gyrus medial blade, molecular layer",9,799.0,7ED04B
815,"Dentate gyrus medial blade, polymorph layer",9,799.0,7ED04B
823,"Dentate gyrus medial blade, granule cell layer",9,799.0,7ED04B
982,Fasciola cinerea,7,1080.0,7ED04B
19,Induseum griseum,7,1080.0,7ED04B
822,Retrohippocampal region,6,1089.0,32B825
909,Entorhinal area,7,822.0,32B825
918,"Entorhinal area, lateral part",8,909.0,32B825
1121,"Entorhinal area, lateral part, layer 1",9,918.0,32B825
20,"Entorhinal area, lateral part, layer 2",9,918.0,32B825
999,"Entorhinal area, lateral part, layer 2/3",9,918.0,32B825
715,"Entorhinal area, lateral part, layer 2a",9,918.0,32B825
764,"Entorhinal area, lateral part, layer 2b",9,918.0,32B825
52,"Entorhinal area, lateral part, layer 3",9,918.0,32B825
92,"Entorhinal area, lateral part, layer 4",9,918.0,32B825
312,"Entorhinal area, lateral part, layer 4/5",9,918.0,32B825
139,"Entorhinal area, lateral part, layer 5",9,918.0,32B825
387,"Entorhinal area, lateral part, layer 5/6",9,918.0,32B825
28,"Entorhinal area, lateral part, layer 6a",9,918.0,32B825
60,"Entorhinal area, lateral part, layer 6b",9,918.0,32B825
926,"Entorhinal area, medial part, dorsal zone",8,909.0,32B825
526,"Entorhinal area, medial part, dorsal zone, layer 1",9,926.0,32B825
543,"Entorhinal area, medial part, dorsal zone, layer 2",9,926.0,32B825
468,"Entorhinal area, medial part, dorsal zone, layer 2a",9,926.0,32B825
508,"Entorhinal area, medial part, dorsal zone, layer 2b",9,926.0,32B825
664,"Entorhinal area, medial part, dorsal zone, layer 3",9,926.0,32B825
712,"Entorhinal area, medial part, dorsal zone, layer 4",9,926.0,32B825
727,"Entorhinal area, medial part, dorsal zone, layer 5",9,926.0,32B825
550,"Entorhinal area, medial part, dorsal zone, layer 5/6",9,926.0,32B825
743,"Entorhinal area, medial part, dorsal zone, layer 6",9,926.0,32B825
934,"Entorhinal area, medial part, ventral zone",8,909.0,32B825
259,"Entorhinal area, medial part, ventral zone, layer 1",9,934.0,32B825
324,"Entorhinal area, medial part, ventral zone, layer 2",9,934.0,32B825
371,"Entorhinal area, medial part, ventral zone, layer 3",9,934.0,32B825
419,"Entorhinal area, medial part, ventral zone, layer 4",9,934.0,32B825
1133,"Entorhinal area, medial part, ventral zone, layer 5/6",9,934.0,32B825
843,Parasubiculum,7,822.0,72D569
10693,"Parasubiculum, layer 1",8,843.0,72D569
10694,"Parasubiculum, layer 2",8,843.0,72D569
10695,"Parasubiculum, layer 3",8,843.0,72D569
1037,Postsubiculum,7,822.0,48C83C
10696,"Postsubiculum, layer 1",8,1037.0,48C83C
10697,"Postsubiculum, layer 2",8,1037.0,48C83C
10698,"Postsubiculum, layer 3",8,1037.0,48C83C
1084,Presubiculum,7,822.0,59B947
10699,"Presubiculum, layer 1",8,1084.0,59B947
10700,"Presubiculum, layer 2",8,1084.0,59B947
10701,"Presubiculum, layer 3",8,1084.0,59B947
502,Subiculum,7,822.0,4FC244
509,"Subiculum, dorsal part",8,502.0,4FC244
829,"Subiculum, dorsal part, molecular layer",9,509.0,4FC244
845,"Subiculum, dorsal part, pyramidal layer",9,509.0,4BB547
837,"Subiculum, dorsal part, stratum radiatum",9,509.0,4FC244
518,"Subiculum, ventral part",8,502.0,4FC244
853,"Subiculum, ventral part, molecular layer",9,518.0,4FC244
870,"Subiculum, ventral part, pyramidal layer",9,518.0,4BB547
861,"Subiculum, ventral part, stratum radiatum",9,518.0,4FC244
484682470,Prosubiculum,7,822.0,58BA48
484682475,"Prosubiculum, dorsal part",8,484682470.0,58BA48
484682479,"Prosubiculum, dorsal part, molecular layer",9,484682475.0,58BA48
484682483,"Prosubiculum, dorsal part, pyramidal layer",9,484682475.0,56B84B
484682487,"Prosubiculum, dorsal part, stratum radiatum",9,484682475.0,58BA48
484682492,"Prosubiculum, ventral part",8,484682470.0,58BA48
484682496,"Prosubiculum, ventral part, molecular layer",9,484682492.0,58BA48
484682500,"Prosubiculum, ventral part, pyramidal layer",9,484682492.0,56B84B
484682504,"Prosubiculum, ventral part, stratum radiatum",9,484682492.0,58BA48
589508447,Hippocampo-amygdalar transition area,7,822.0,33B932
484682508,Area prostriata,7,822.0,33B932
703,Cortical subplate,4,688.0,8ADA87
16,"Layer 6b, isocortex",5,703.0,8ADA87
583,Claustrum,5,703.0,8ADA87
942,Endopiriform nucleus,5,703.0,A0EE9D
952,"Endopiriform nucleus, dorsal part",6,942.0,A0EE9D
966,"Endopiriform nucleus, ventral part",6,942.0,A0EE9D
131,Lateral amygdalar nucleus,5,703.0,90EB8D
295,Basolateral amygdalar nucleus,5,703.0,9DE79C
303,"Basolateral amygdalar nucleus, anterior part",6,295.0,9DE79C
311,"Basolateral amygdalar nucleus, posterior part",6,295.0,9DE79C
451,"Basolateral amygdalar nucleus, ventral part",6,295.0,9DE79C
319,Basomedial amygdalar nucleus,5,703.0,84EA81
327,"Basomedial amygdalar nucleus, anterior part",6,319.0,84EA81
334,"Basomedial amygdalar nucleus, posterior part",6,319.0,84EA81
780,Posterior amygdalar nucleus,5,703.0,97EC93
623,Cerebral nuclei,3,567.0,98D6F9
477,Striatum,4,623.0,98D6F9
485,Striatum dorsal region,5,477.0,98D6F9
672,Caudoputamen,6,485.0,98D6F9
493,Striatum ventral region,5,477.0,80CDF8
56,Nucleus accumbens,6,493.0,80CDF8
998,Fundus of striatum,6,493.0,80CDF8
754,Olfactory tubercle,6,493.0,80CDF8
481,Islands of Calleja,7,754.0,80CDF8
489,Major island of Calleja,7,754.0,80CDF8
144,"Olfactory tubercle, layers 1-3",7,754.0,80CDF8
458,"Olfactory tubercle, molecular layer",7,754.0,80CDF8
465,"Olfactory tubercle, pyramidal layer",7,754.0,80CDF8
473,"Olfactory tubercle, polymorph layer",7,754.0,80CDF8
549009199,Lateral strip of striatum,6,493.0,80CDF8
275,Lateral septal complex,5,477.0,90CBED
242,Lateral septal nucleus,6,275.0,90CBED
250,"Lateral septal nucleus, caudal (caudodorsal) part",7,242.0,90CBED
258,"Lateral septal nucleus, rostral (rostroventral) part",7,242.0,90CBED
266,"Lateral septal nucleus, ventral part",7,242.0,90CBED
310,Septofimbrial nucleus,6,275.0,90CBED
333,Septohippocampal nucleus,6,275.0,90CBED
278,Striatum-like amygdalar nuclei,5,477.0,80C0E2
23,Anterior amygdalar area,6,278.0,80C0E2
292,Bed nucleus of the accessory olfactory tract,6,278.0,80C0E2
536,Central amygdalar nucleus,6,278.0,80C0E2
544,"Central amygdalar nucleus, capsular part",7,536.0,80C0E2
551,"Central amygdalar nucleus, lateral part",7,536.0,80C0E2
559,"Central amygdalar nucleus, medial part",7,536.0,80C0E2
1105,Intercalated amygdalar nucleus,6,278.0,80C0E2
403,Medial amygdalar nucleus,6,278.0,80C0E2
411,"Medial amygdalar nucleus, anterodorsal part",7,403.0,80C0E2
418,"Medial amygdalar nucleus, anteroventral part",7,403.0,80C0E2
426,"Medial amygdalar nucleus, posterodorsal part",7,403.0,80C0E2
472,"Medial amygdalar nucleus, posterodorsal part, sublayer a",8,426.0,80C0E2
480,"Medial amygdalar nucleus, posterodorsal part, sublayer b",8,426.0,80C0E2
487,"Medial amygdalar nucleus, posterodorsal part, sublayer c",8,426.0,80C0E2
435,"Medial amygdalar nucleus, posteroventral part",7,403.0,80C0E2
803,Pallidum,4,623.0,8599CC
818,"Pallidum, dorsal region",5,803.0,8599CC
1022,"Globus pallidus, external segment",6,818.0,8599CC
1031,"Globus pallidus, internal segment",6,818.0,8599CC
835,"Pallidum, ventral region",5,803.0,A2B1D8
342,Substantia innominata,6,835.0,A2B1D8
298,Magnocellular nucleus,6,835.0,A2B1D8
826,"Pallidum, medial region",5,803.0,96A7D3
904,Medial septal complex,6,826.0,96A7D3
564,Medial septal nucleus,7,904.0,96A7D3
596,Diagonal band nucleus,7,904.0,96A7D3
581,Triangular nucleus of septum,6,826.0,96A7D3
809,"Pallidum, caudal region",5,803.0,B3C0DF
351,Bed nuclei of the stria terminalis,6,809.0,B3C0DF
359,"Bed nuclei of the stria terminalis, anterior division",7,351.0,B3C0DF
537,"Bed nuclei of the stria terminalis, anterior division, anterolateral area",8,359.0,B3C0DF
498,"Bed nuclei of the stria terminalis, anterior division, anteromedial area",8,359.0,B3C0DF
505,"Bed nuclei of the stria terminalis, anterior division, dorsomedial nucleus",8,359.0,B3C0DF
513,"Bed nuclei of the stria terminalis, anterior division, fusiform nucleus",8,359.0,B3C0DF
546,"Bed nuclei of the stria terminalis, anterior division, juxtacapsular nucleus",8,359.0,B3C0DF
521,"Bed nuclei of the stria terminalis, anterior division, magnocellular nucleus",8,359.0,B3C0DF
554,"Bed nuclei of the stria terminalis, anterior division, oval nucleus",8,359.0,B3C0DF
562,"Bed nuclei of the stria terminalis, anterior division, rhomboid nucleus",8,359.0,B3C0DF
529,"Bed nuclei of the stria terminalis, anterior division, ventral nucleus",8,359.0,B3C0DF
367,"Bed nuclei of the stria terminalis, posterior division",7,351.0,B3C0DF
569,"Bed nuclei of the stria terminalis, posterior division, dorsal nucleus",8,367.0,B3C0DF
578,"Bed nuclei of the stria terminalis, posterior division, principal nucleus",8,367.0,B3C0DF
585,"Bed nuclei of the stria terminalis, posterior division, interfascicular nucleus",8,367.0,B3C0DF
594,"Bed nuclei of the stria terminalis, posterior division, transverse nucleus",8,367.0,B3C0DF
602,"Bed nuclei of the stria terminalis, posterior division, strial extension",8,367.0,B3C0DF
287,Bed nucleus of the anterior commissure,6,809.0,B3C0DF
343,Brain stem,2,8.0,FF7080
1129,Interbrain,3,343.0,FF7080
549,Thalamus,4,1129.0,FF7080
864,"Thalamus, sensory-motor cortex related",5,549.0,FF8084
637,Ventral group of the dorsal thalamus,6,864.0,FF8084
629,Ventral anterior-lateral complex of the thalamus,7,637.0,FF8084
685,Ventral medial nucleus of the thalamus,7,637.0,FF8084
709,Ventral posterior complex of the thalamus,7,637.0,FF8084
718,Ventral posterolateral nucleus of the thalamus,8,709.0,FF8084
725,"Ventral posterolateral nucleus of the thalamus, parvicellular part",8,709.0,FF8084
733,Ventral posteromedial nucleus of the thalamus,8,709.0,FF8084
741,"Ventral posteromedial nucleus of the thalamus, parvicellular part",8,709.0,FF8084
563807435,Posterior triangular thalamic nucleus,7,637.0,FF8084
406,Subparafascicular nucleus,6,864.0,FF8084
414,"Subparafascicular nucleus, magnocellular part",7,406.0,FF8084
422,"Subparafascicular nucleus, parvicellular part",7,406.0,FF8084
609,Subparafascicular area,6,864.0,FF8084
1044,Peripeduncular nucleus,6,864.0,FF8084
1008,"Geniculate group, dorsal thalamus",6,864.0,FF8084
475,Medial geniculate complex,7,1008.0,FF8084
1072,"Medial geniculate complex, dorsal part",8,475.0,FF8084
1079,"Medial geniculate complex, ventral part",8,475.0,FF8084
1088,"Medial geniculate complex, medial part",8,475.0,FF8084
170,Dorsal part of the lateral geniculate complex,7,1008.0,FF8084
496345664,"Dorsal part of the lateral geniculate complex, shell",8,170.0,FF8084
496345668,"Dorsal part of the lateral geniculate complex, core",8,170.0,FF8084
496345672,"Dorsal part of the lateral geniculate complex, ipsilateral zone",8,170.0,FF8084
856,"Thalamus, polymodal association cortex related",5,549.0,FF909F
138,Lateral group of the dorsal thalamus,6,856.0,FF909F
218,Lateral posterior nucleus of the thalamus,7,138.0,FF909F
1020,Posterior complex of the thalamus,7,138.0,FF909F
1029,Posterior limiting nucleus of the thalamus,7,138.0,FF909F
325,Suprageniculate nucleus,7,138.0,FF909F
560581551,Ethmoid nucleus of the thalamus,7,138.0,FF909F
560581555,Retroethmoid nucleus,7,138.0,FF909F
239,Anterior group of the dorsal thalamus,6,856.0,FF909F
255,Anteroventral nucleus of thalamus,7,239.0,FF909F
127,Anteromedial nucleus,7,239.0,FF909F
1096,"Anteromedial nucleus, dorsal part",8,127.0,FF909F
1104,"Anteromedial nucleus, ventral part",8,127.0,FF909F
64,Anterodorsal nucleus,7,239.0,FF909F
1120,Interanteromedial nucleus of the thalamus,7,239.0,FF909F
1113,Interanterodorsal nucleus of the thalamus,7,239.0,FF909F
155,Lateral dorsal nucleus of thalamus,7,239.0,FF909F
444,Medial group of the dorsal thalamus,6,856.0,FF909F
59,Intermediodorsal nucleus of the thalamus,7,444.0,FF909F
362,Mediodorsal nucleus of thalamus,7,444.0,FF909F
617,"Mediodorsal nucleus of the thalamus, central part",8,362.0,FF909F
626,"Mediodorsal nucleus of the thalamus, lateral part",8,362.0,FF909F
636,"Mediodorsal nucleus of the thalamus, medial part",8,362.0,FF909F
366,Submedial nucleus of the thalamus,7,444.0,FF909F
1077,Perireunensis nucleus,7,444.0,FF909F
571,Midline group of the dorsal thalamus,6,856.0,FF909F
149,Paraventricular nucleus of the thalamus,7,571.0,FF909F
15,Parataenial nucleus,7,571.0,FF909F
181,Nucleus of reuniens,7,571.0,FF909F
560581559,Xiphoid thalamic nucleus,7,571.0,FF909F
51,Intralaminar nuclei of the dorsal thalamus,6,856.0,FF909F
189,Rhomboid nucleus,7,51.0,FF909F
599,Central medial nucleus of the thalamus,7,51.0,FF909F
907,Paracentral nucleus,7,51.0,FF909F
575,Central lateral nucleus of the thalamus,7,51.0,FF909F
930,Parafascicular nucleus,7,51.0,FF909F
560581563,Posterior intralaminar thalamic nucleus,7,51.0,FF909F
262,Reticular nucleus of the thalamus,6,856.0,FF909F
1014,"Geniculate group, ventral thalamus",6,856.0,FF909F
27,Intergeniculate leaflet of the lateral geniculate complex,7,1014.0,FF909F
563807439,Intermediate geniculate nucleus,7,1014.0,FF909F
178,Ventral part of the lateral geniculate complex,7,1014.0,FF909F
300,"Ventral part of the lateral geniculate complex, lateral zone",8,178.0,FF909F
316,"Ventral part of the lateral geniculate complex, medial zone",8,178.0,FF909F
321,Subgeniculate nucleus,7,1014.0,FF909F
958,Epithalamus,6,856.0,FF909F
483,Medial habenula,7,958.0,FF909F
186,Lateral habenula,7,958.0,FF909F
953,Pineal body,7,958.0,FF909F
1097,Hypothalamus,4,1129.0,E64438
157,Periventricular zone,5,1097.0,FF5D50
390,Supraoptic nucleus,6,157.0,FF5D50
332,Accessory supraoptic group,6,157.0,FF5D50
432,Nucleus circularis,7,332.0,FF5D50
38,Paraventricular hypothalamic nucleus,6,157.0,FF5D50
71,"Paraventricular hypothalamic nucleus, magnocellular division",7,38.0,FF5D50
47,"Paraventricular hypothalamic nucleus, magnocellular division, anterior magnocellular part",8,71.0,FF5D50
79,"Paraventricular hypothalamic nucleus, magnocellular division, medial magnocellular part",8,71.0,FF5D50
103,"Paraventricular hypothalamic nucleus, magnocellular division, posterior magnocellular part",8,71.0,FF5D50
652,"Paraventricular hypothalamic nucleus, magnocellular division, posterior magnocellular part, lateral zone",9,103.0,FF5D50
660,"Paraventricular hypothalamic nucleus, magnocellular division, posterior magnocellular part, medial zone",9,103.0,FF5D50
94,"Paraventricular hypothalamic nucleus, parvicellular division",7,38.0,FF5D50
55,"Paraventricular hypothalamic nucleus, parvicellular division, anterior parvicellular part",8,94.0,FF5D50
87,"Paraventricular hypothalamic nucleus, parvicellular division, medial parvicellular part, dorsal zone",8,94.0,FF5D50
110,"Paraventricular hypothalamic nucleus, parvicellular division, periventricular part",8,94.0,FF5D50
30,"Periventricular hypothalamic nucleus, anterior part",6,157.0,FF5D50
118,"Periventricular hypothalamic nucleus, intermediate part",6,157.0,FF5D50
223,Arcuate hypothalamic nucleus,6,157.0,FF5D50
141,Periventricular region,5,1097.0,FF5547
72,Anterodorsal preoptic nucleus,6,141.0,FF5547
80,Anterior hypothalamic area,6,141.0,FF5547
263,Anteroventral preoptic nucleus,6,141.0,FF5547
272,Anteroventral periventricular nucleus,6,141.0,FF5547
830,Dorsomedial nucleus of the hypothalamus,6,141.0,FF5547
668,"Dorsomedial nucleus of the hypothalamus, anterior part",7,830.0,FF5547
676,"Dorsomedial nucleus of the hypothalamus, posterior part",7,830.0,FF5547
684,"Dorsomedial nucleus of the hypothalamus, ventral part",7,830.0,FF5547
452,Median preoptic nucleus,6,141.0,FF5547
523,Medial preoptic area,6,141.0,FF5547
763,Vascular organ of the lamina terminalis,6,141.0,FF5547
914,Posterodorsal preoptic nucleus,6,141.0,FF5547
1109,Parastrial nucleus,6,141.0,FF5547
1124,Suprachiasmatic preoptic nucleus,6,141.0,FF5547
126,"Periventricular hypothalamic nucleus, posterior part",6,141.0,FF5547
133,"Periventricular hypothalamic nucleus, preoptic part",6,141.0,FF5547
347,Subparaventricular zone,6,141.0,FF5547
286,Suprachiasmatic nucleus,6,141.0,FF5547
338,Subfornical organ,6,141.0,FF5547
576073699,Ventromedial preoptic nucleus,6,141.0,FF5547
689,Ventrolateral preoptic nucleus,6,141.0,FF5547
467,Hypothalamic medial zone,5,1097.0,FF4C3E
88,Anterior hypothalamic nucleus,6,467.0,FF4C3E
700,"Anterior hypothalamic nucleus, anterior part",7,88.0,FF4C3E
708,"Anterior hypothalamic nucleus, central part",7,88.0,FF4C3E
716,"Anterior hypothalamic nucleus, dorsal part",7,88.0,FF4C3E
724,"Anterior hypothalamic nucleus, posterior part",7,88.0,FF4C3E
331,Mammillary body,6,467.0,FF4C3E
210,Lateral mammillary nucleus,7,331.0,FF4C3E
491,Medial mammillary nucleus,7,331.0,FF4C3E
732,"Medial mammillary nucleus, median part",8,491.0,FF4C3E
606826647,"Medial mammillary nucleus, lateral part",8,491.0,FF4C3E
606826651,"Medial mammillary nucleus, medial part",8,491.0,FF4C3E
606826655,"Medial mammillary nucleus, posterior part",8,491.0,FF4C3E
606826659,"Medial mammillary nucleus, dorsal part",8,491.0,FF4C3E
525,Supramammillary nucleus,7,331.0,FF4C3E
1110,"Supramammillary nucleus, lateral part",8,525.0,FF4C3E
1118,"Supramammillary nucleus, medial part",8,525.0,FF4C3E
557,Tuberomammillary nucleus,7,331.0,FF4C3E
1126,"Tuberomammillary nucleus, dorsal part",8,557.0,FF4C3E
1,"Tuberomammillary nucleus, ventral part",8,557.0,FF4C3E
515,Medial preoptic nucleus,6,467.0,FF4C3E
740,"Medial preoptic nucleus, central part",7,515.0,FF4C3E
748,"Medial preoptic nucleus, lateral part",7,515.0,FF4C3E
756,"Medial preoptic nucleus, medial part",7,515.0,FF4C3E
980,Dorsal premammillary nucleus,6,467.0,FF4C3E
1004,Ventral premammillary nucleus,6,467.0,FF4C3E
63,"Paraventricular hypothalamic nucleus, descending division",6,467.0,FF4C3E
439,"Paraventricular hypothalamic nucleus, descending division, dorsal parvicellular part",7,63.0,FF4C3E
447,"Paraventricular hypothalamic nucleus, descending division, forniceal part",7,63.0,FF4C3E
455,"Paraventricular hypothalamic nucleus, descending division, lateral parvicellular part",7,63.0,FF4C3E
464,"Paraventricular hypothalamic nucleus, descending division, medial parvicellular part, ventral zone",7,63.0,FF4C3E
693,Ventromedial hypothalamic nucleus,6,467.0,FF4C3E
761,"Ventromedial hypothalamic nucleus, anterior part",7,693.0,FF4C3E
769,"Ventromedial hypothalamic nucleus, central part",7,693.0,FF4C3E
777,"Ventromedial hypothalamic nucleus, dorsomedial part",7,693.0,FF4C3E
785,"Ventromedial hypothalamic nucleus, ventrolateral part",7,693.0,FF4C3E
946,Posterior hypothalamic nucleus,6,467.0,FF4C3E
290,Hypothalamic lateral zone,5,1097.0,F2483B
194,Lateral hypothalamic area,6,290.0,F2483B
226,Lateral preoptic area,6,290.0,F2483B
356,Preparasubthalamic nucleus,6,290.0,F2483B
364,Parasubthalamic nucleus,6,290.0,F2483B
576073704,Perifornical nucleus,6,290.0,F2483B
173,Retrochiasmatic area,6,290.0,F2483B
470,Subthalamic nucleus,6,290.0,F2483B
614,Tuberal nucleus,6,290.0,F2483B
797,Zona incerta,6,290.0,F2483B
796,Dopaminergic A13 group,7,797.0,F2483B
804,Fields of Forel,7,797.0,F2483B
10671,Median eminence,5,1097.0,F2483B
313,Midbrain,3,343.0,FF64FF
339,"Midbrain, sensory related",4,313.0,FF7AFF
302,"Superior colliculus, sensory related",5,339.0,FF7AFF
851,"Superior colliculus, optic layer",6,302.0,FF7AFF
842,"Superior colliculus, superficial gray layer",6,302.0,FF7AFF
834,"Superior colliculus, zonal layer",6,302.0,FF7AFF
4,Inferior colliculus,5,339.0,FF7AFF
811,"Inferior colliculus, central nucleus",6,4.0,FF7AFF
820,"Inferior colliculus, dorsal nucleus",6,4.0,FF7AFF
828,"Inferior colliculus, external nucleus",6,4.0,FF7AFF
580,Nucleus of the brachium of the inferior colliculus,5,339.0,FF7AFF
271,Nucleus sagulum,5,339.0,FF7AFF
874,Parabigeminal nucleus,5,339.0,FF7AFF
460,Midbrain trigeminal nucleus,5,339.0,FF7AFF
599626923,Subcommissural organ,5,339.0,FF7AFF
323,"Midbrain, motor related",4,313.0,FF90FF
381,"Substantia nigra, reticular part",5,323.0,FF90FF
749,Ventral tegmental area,5,323.0,FF90FF
607344830,Paranigral nucleus,5,323.0,FF90FF
246,"Midbrain reticular nucleus, retrorubral area",5,323.0,FF90FF
128,Midbrain reticular nucleus,5,323.0,FF90FF
539,"Midbrain reticular nucleus, magnocellular part",6,128.0,FF90FF
548,"Midbrain reticular nucleus, magnocellular part, general",6,128.0,FF90FF
555,"Midbrain reticular nucleus, parvicellular part",6,128.0,FF90FF
294,"Superior colliculus, motor related",5,323.0,FF90FF
26,"Superior colliculus, motor related, deep gray layer",6,294.0,FF90FF
42,"Superior colliculus, motor related, deep white layer",6,294.0,FF90FF
17,"Superior colliculus, motor related, intermediate white layer",6,294.0,FF90FF
10,"Superior colliculus, motor related, intermediate gray layer",6,294.0,FF90FF
494,"Superior colliculus, motor related, intermediate gray layer, sublayer a",7,10.0,FF90FF
503,"Superior colliculus, motor related, intermediate gray layer, sublayer b",7,10.0,FF90FF
511,"Superior colliculus, motor related, intermediate gray layer, sublayer c",7,10.0,FF90FF
795,Periaqueductal gray,5,323.0,FF90FF
50,Precommissural nucleus,6,795.0,FF90FF
67,Interstitial nucleus of Cajal,6,795.0,FF90FF
587,Nucleus of Darkschewitsch,6,795.0,FF90FF
614454277,Supraoculomotor periaqueductal gray,6,795.0,FF90FF
1100,Pretectal region,5,323.0,FF90FF
215,Anterior pretectal nucleus,6,1100.0,FF90FF
531,Medial pretectal area,6,1100.0,FF90FF
628,Nucleus of the optic tract,6,1100.0,FF90FF
634,Nucleus of the posterior commissure,6,1100.0,FF90FF
706,Olivary pretectal nucleus,6,1100.0,FF90FF
1061,Posterior pretectal nucleus,6,1100.0,FF90FF
549009203,Retroparafascicular nucleus,6,1100.0,FF90FF
549009207,Intercollicular nucleus,5,323.0,FF90FF
616,Cuneiform nucleus,5,323.0,FF90FF
214,Red nucleus,5,323.0,FF90FF
35,Oculomotor nucleus,5,323.0,FF90FF
549009211,Medial accesory oculomotor nucleus,5,323.0,FF90FF
975,Edinger-Westphal nucleus,5,323.0,FF90FF
115,Trochlear nucleus,5,323.0,FF90FF
606826663,Paratrochlear nucleus,5,323.0,FF90FF
757,Ventral tegmental nucleus,5,323.0,FF90FF
231,Anterior tegmental nucleus,5,323.0,FF90FF
66,Lateral terminal nucleus of the accessory optic tract,5,323.0,FF90FF
75,Dorsal terminal nucleus of the accessory optic tract,5,323.0,FF90FF
58,Medial terminal nucleus of the accessory optic tract,5,323.0,FF90FF
615,"Substantia nigra, lateral part",5,323.0,FF90FF
348,"Midbrain, behavioral state related",4,313.0,FF90FF
374,"Substantia nigra, compact part",5,348.0,FFA6FF
1052,Pedunculopontine nucleus,5,348.0,FFA6FF
165,Midbrain raphe nuclei,5,348.0,FFA6FF
12,Interfascicular nucleus raphe,6,165.0,FFA6FF
100,Interpeduncular nucleus,6,165.0,FFA6FF
607344834,"Interpeduncular nucleus, rostral",7,100.0,FFA6FF
607344838,"Interpeduncular nucleus, caudal",7,100.0,FFA6FF
607344842,"Interpeduncular nucleus, apical",7,100.0,FFA6FF
607344846,"Interpeduncular nucleus, lateral",7,100.0,FFA6FF
607344850,"Interpeduncular nucleus, intermediate",7,100.0,FFA6FF
607344854,"Interpeduncular nucleus, dorsomedial",7,100.0,FFA6FF
607344858,"Interpeduncular nucleus, dorsolateral",7,100.0,FFA6FF
607344862,"Interpeduncular nucleus, rostrolateral",7,100.0,FFA6FF
197,Rostral linear nucleus raphe,6,165.0,FFA6FF
591,Central linear nucleus raphe,6,165.0,FFA6FF
872,Dorsal nucleus raphe,6,165.0,FFA6FF
1065,Hindbrain,3,343.0,FF9B88
771,Pons,4,1065.0,FF9B88
1132,"Pons, sensory related",5,771.0,FFAE6F
612,Nucleus of the lateral lemniscus,6,1132.0,FFAE6F
82,"Nucleus of the lateral lemniscus, dorsal part",7,612.0,FFAE6F
90,"Nucleus of the lateral lemniscus, horizontal part",7,612.0,FFAE6F
99,"Nucleus of the lateral lemniscus, ventral part",7,612.0,FFAE6F
7,Principal sensory nucleus of the trigeminal,6,1132.0,FFAE6F
867,Parabrachial nucleus,6,1132.0,FFAE6F
123,Koelliker-Fuse subnucleus,7,867.0,FFAE6F
881,"Parabrachial nucleus, lateral division",7,867.0,FFAE6F
860,"Parabrachial nucleus, lateral division, central lateral part",8,881.0,FFAE6F
868,"Parabrachial nucleus, lateral division, dorsal lateral part",8,881.0,FFAE6F
875,"Parabrachial nucleus, lateral division, external lateral part",8,881.0,FFAE6F
883,"Parabrachial nucleus, lateral division, superior lateral part",8,881.0,FFAE6F
891,"Parabrachial nucleus, lateral division, ventral lateral part",8,881.0,FFAE6F
890,"Parabrachial nucleus, medial division",7,867.0,FFAE6F
899,"Parabrachial nucleus, medial division, external medial part",8,890.0,FFAE6F
915,"Parabrachial nucleus, medial division, medial medial part",8,890.0,FFAE6F
923,"Parabrachial nucleus, medial division, ventral medial part",8,890.0,FFAE6F
398,Superior olivary complex,6,1132.0,FFAE6F
122,"Superior olivary complex, periolivary region",7,398.0,FFAE6F
105,"Superior olivary complex, medial part",7,398.0,FFAE6F
114,"Superior olivary complex, lateral part",7,398.0,FFAE6F
987,"Pons, motor related",5,771.0,FFBA86
280,Barrington's nucleus,6,987.0,FFBA86
880,Dorsal tegmental nucleus,6,987.0,FFBA86
283,Lateral tegmental nucleus,6,987.0,FFBA86
599626927,Posterodorsal tegmental nucleus,6,987.0,FFBA86
898,Pontine central gray,6,987.0,FFBA86
931,Pontine gray,6,987.0,FFBA86
1093,"Pontine reticular nucleus, caudal part",6,987.0,FFBA86
552,"Pontine reticular nucleus, ventral part",6,987.0,FFBA86
318,Supragenual nucleus,6,987.0,FFBA86
462,Superior salivatory nucleus,6,987.0,FFBA86
534,Supratrigeminal nucleus,6,987.0,FFBA86
574,Tegmental reticular nucleus,6,987.0,FFBA86
621,Motor nucleus of trigeminal,6,987.0,FFBA86
549009215,Peritrigeminal zone,6,987.0,FFBA86
549009219,Accessory trigeminal nucleus,6,987.0,FFBA86
549009223,Parvicellular motor 5 nucleus,6,987.0,FFBA86
549009227,Intertrigeminal nucleus,6,987.0,FFBA86
1117,"Pons, behavioral state related",5,771.0,FFC395
679,Superior central nucleus raphe,6,1117.0,FFC395
137,"Superior central nucleus raphe, lateral part",7,679.0,FFC395
130,"Superior central nucleus raphe, medial part",7,679.0,FFC395
147,Locus ceruleus,6,1117.0,FFC395
162,Laterodorsal tegmental nucleus,6,1117.0,FFC395
604,Nucleus incertus,6,1117.0,FFC395
146,Pontine reticular nucleus,6,1117.0,FFC395
238,Nucleus raphe pontis,6,1117.0,FFC395
350,Subceruleus nucleus,6,1117.0,FFC395
358,Sublaterodorsal nucleus,6,1117.0,FFC395
354,Medulla,4,1065.0,FF9BCD
386,"Medulla, sensory related",5,354.0,FFA5D2
207,Area postrema,6,386.0,FFA5D2
607,Cochlear nuclei,6,386.0,FFA5D2
112,Granular lamina of the cochlear nuclei,7,607.0,FFA5D2
560,"Cochlear nucleus, subpedunclular granular region",7,607.0,FFA5D2
96,Dorsal cochlear nucleus,7,607.0,FFA5D2
101,Ventral cochlear nucleus,7,607.0,FFA5D2
720,Dorsal column nuclei,6,386.0,FFA5D2
711,Cuneate nucleus,7,720.0,FFA5D2
1039,Gracile nucleus,7,720.0,FFA5D2
903,External cuneate nucleus,6,386.0,FFA5D2
642,Nucleus of the trapezoid body,6,386.0,FFA5D2
651,Nucleus of the solitary tract,6,386.0,FFA5D2
659,"Nucleus of the solitary tract, central part",7,651.0,FFA5D2
666,"Nucleus of the solitary tract, commissural part",7,651.0,FFA5D2
674,"Nucleus of the solitary tract, gelatinous part",7,651.0,FFA5D2
682,"Nucleus of the solitary tract, lateral part",7,651.0,FFA5D2
691,"Nucleus of the solitary tract, medial part",7,651.0,FFA5D2
429,"Spinal nucleus of the trigeminal, caudal part",6,386.0,FFA5D2
437,"Spinal nucleus of the trigeminal, interpolar part",6,386.0,FFA5D2
445,"Spinal nucleus of the trigeminal, oral part",6,386.0,FFA5D2
77,"Spinal nucleus of the trigeminal, oral part, caudal dorsomedial part",7,445.0,FFA5D2
53,"Spinal nucleus of the trigeminal, oral part, middle dorsomedial part, dorsal zone",7,445.0,FFA5D2
61,"Spinal nucleus of the trigeminal, oral part, middle dorsomedial part, ventral zone",7,445.0,FFA5D2
45,"Spinal nucleus of the trigeminal, oral part, rostral dorsomedial part",7,445.0,FFA5D2
69,"Spinal nucleus of the trigeminal, oral part, ventrolateral part",7,445.0,FFA5D2
589508451,Paratrigeminal nucleus,6,386.0,FFA5D2
789,Nucleus z,6,386.0,FFA5D2
370,"Medulla, motor related",5,354.0,FFB3D9
653,Abducens nucleus,6,370.0,FFB3D9
568,Accessory abducens nucleus,6,370.0,FFB3D9
661,Facial motor nucleus,6,370.0,FFB3D9
576,Accessory facial motor nucleus,6,370.0,FFB3D9
640,Efferent vestibular nucleus,6,370.0,FFB3D9
135,Nucleus ambiguus,6,370.0,FFB3D9
939,"Nucleus ambiguus, dorsal division",7,135.0,FFB3D9
143,"Nucleus ambiguus, ventral division",7,135.0,FFB3D9
839,Dorsal motor nucleus of the vagus nerve,6,370.0,FFB3D9
887,Efferent cochlear group,6,370.0,FFB3D9
1048,Gigantocellular reticular nucleus,6,370.0,FFB3D9
372,Infracerebellar nucleus,6,370.0,FFB3D9
83,Inferior olivary complex,6,370.0,FFB3D9
136,Intermediate reticular nucleus,6,370.0,FFB3D9
106,Inferior salivatory nucleus,6,370.0,FFB3D9
203,Linear nucleus of the medulla,6,370.0,FFB3D9
235,Lateral reticular nucleus,6,370.0,FFB3D9
955,"Lateral reticular nucleus, magnocellular part",7,235.0,FFB3D9
963,"Lateral reticular nucleus, parvicellular part",7,235.0,FFB3D9
307,Magnocellular reticular nucleus,6,370.0,FFB3D9
395,Medullary reticular nucleus,6,370.0,FFB3D9
1098,"Medullary reticular nucleus, dorsal part",7,395.0,FFB3D9
1107,"Medullary reticular nucleus, ventral part",7,395.0,FFB3D9
852,Parvicellular reticular nucleus,6,370.0,FFB3D9
859,Parasolitary nucleus,6,370.0,FFB3D9
938,Paragigantocellular reticular nucleus,6,370.0,FFB3D9
970,"Paragigantocellular reticular nucleus, dorsal part",7,938.0,FFB3D9
978,"Paragigantocellular reticular nucleus, lateral part",7,938.0,FFB3D9
154,Perihypoglossal nuclei,6,370.0,FFB3D9
161,Nucleus intercalatus,7,154.0,FFB3D9
177,Nucleus of Roller,7,154.0,FFB3D9
169,Nucleus prepositus,7,154.0,FFB3D9
995,Paramedian reticular nucleus,6,370.0,FFB3D9
1069,Parapyramidal nucleus,6,370.0,FFB3D9
185,"Parapyramidal nucleus, deep part",7,1069.0,FFB3D9
193,"Parapyramidal nucleus, superficial part",7,1069.0,FFB3D9
701,Vestibular nuclei,6,370.0,FFB3D9
209,Lateral vestibular nucleus,7,701.0,FFB3D9
202,Medial vestibular nucleus,7,701.0,FFB3D9
225,Spinal vestibular nucleus,7,701.0,FFB3D9
217,Superior vestibular nucleus,7,701.0,FFB3D9
765,Nucleus x,6,370.0,FFB3D9
773,Hypoglossal nucleus,6,370.0,FFB3D9
781,Nucleus y,6,370.0,FFB3D9
76,Interstitial nucleus of the vestibular nerve,6,370.0,FFB3D9
379,"Medulla, behavioral state related",5,354.0,FFC6E2
206,Nucleus raphe magnus,6,379.0,FFC6E2
230,Nucleus raphe pallidus,6,379.0,FFC6E2
222,Nucleus raphe obscurus,6,379.0,FFC6E2
512,Cerebellum,2,8.0,F0F080
528,Cerebellar cortex,3,512.0,F0F080
1144,"Cerebellar cortex, molecular layer",4,528.0,FFFC91
1145,"Cerebellar cortex, Purkinje layer",4,528.0,FFFC91
1143,"Cerebellar cortex, granular layer",4,528.0,ECE754
645,Vermal regions,4,528.0,FFFC91
912,Lingula (I),5,645.0,FFFC91
10707,"Lingula (I), molecular layer",6,912.0,FFFC91
10706,"Lingula (I), Purkinje layer",6,912.0,FFFC91
10705,"Lingula (I), granular layer",6,912.0,ECE754
920,Central lobule,5,645.0,FFFC91
976,Lobule II,6,920.0,FFFC91
10710,"Lobule II, molecular layer",7,976.0,FFFC91
10709,"Lobule II, Purkinje layer",7,976.0,FFFC91
10708,"Lobule II, granular layer",7,976.0,ECE754
984,Lobule III,6,920.0,FFFC91
10713,"Lobule III, molecular layer",7,984.0,FFFC91
10712,"Lobule III, Purkinje layer",7,984.0,FFFC91
10711,"Lobule III, granular layer",7,984.0,ECE754
928,Culmen,5,645.0,FFFC91
992,Lobule IV,6,928.0,FFFC91
10716,"Lobule IV, molecular layer",7,992.0,FFFC91
10715,"Lobule IV, Purkinje layer",7,992.0,FFFC91
10714,"Lobule IV, granular layer",7,992.0,ECE754
1001,Lobule V,6,928.0,FFFC91
10719,"Lobule V, molecular layer",7,1001.0,FFFC91
10718,"Lobule V, Purkinje layer",7,1001.0,FFFC91
10717,"Lobule V, granular layer",7,1001.0,ECE754
1091,Lobules IV-V,6,928.0,FFFC91
10722,"Lobules IV-V, molecular layer",7,1091.0,FFFC91
10721,"Lobules IV-V, Purkinje layer",7,1091.0,FFFC91
10720,"Lobules IV-V, granular layer",7,1091.0,ECE754
936,Declive (VI),5,645.0,FFFC91
10725,"Declive (VI), molecular layer",6,936.0,FFFC91
10724,"Declive (VI), Purkinje layer",6,936.0,FFFC91
10723,"Declive (VI), granular layer",6,936.0,ECE754
944,Folium-tuber vermis (VII),5,645.0,FFFC91
10728,"Folium-tuber vermis (VII), molecular layer",6,944.0,FFFC91
10727,"Folium-tuber vermis (VII), Purkinje layer",6,944.0,FFFC91
10726,"Folium-tuber vermis (VII), granular layer",6,944.0,ECE754
951,Pyramus (VIII),5,645.0,FFFC91
10731,"Pyramus (VIII), molecular layer",6,951.0,FFFC91
10730,"Pyramus (VIII), Purkinje layer",6,951.0,FFFC91
10729,"Pyramus (VIII), granular layer",6,951.0,ECE754
957,Uvula (IX),5,645.0,FFFC91
10734,"Uvula (IX), molecular layer",6,957.0,FFFC91
10733,"Uvula (IX), Purkinje layer",6,957.0,FFFC91
10732,"Uvula (IX), granular layer",6,957.0,ECE754
968,Nodulus (X),5,645.0,FFFC91
10737,"Nodulus (X), molecular layer",6,968.0,FFFC91
10736,"Nodulus (X), Purkinje layer",6,968.0,FFFC91
10735,"Nodulus (X), granular layer",6,968.0,ECE754
1073,Hemispheric regions,4,528.0,FFFC91
1007,Simple lobule,5,1073.0,FFFC91
10674,"Simple lobule, molecular layer",6,1007.0,FFFC91
10673,"Simple lobule, Purkinje layer",6,1007.0,FFFC91
10672,"Simple lobule, granular layer",6,1007.0,ECE754
1017,Ansiform lobule,5,1073.0,FFFC91
1056,Crus 1,6,1017.0,FFFC91
10677,"Crus 1, molecular layer",7,1056.0,FFFC91
10676,"Crus 1, Purkinje layer",7,1056.0,FFFC91
10675,"Crus 1, granular layer",7,1056.0,ECE754
1064,Crus 2,6,1017.0,FFFC91
10680,"Crus 2, molecular layer",7,1064.0,FFFC91
10679,"Crus 2, Purkinje layer",7,1064.0,FFFC91
10678,"Crus 2, granular layer",7,1064.0,ECE754
1025,Paramedian lobule,5,1073.0,FFFC91
10683,"Paramedian lobule, molecular layer",6,1025.0,FFFC91
10682,"Paramedian lobule, Purkinje layer",6,1025.0,FFFC91
10681,"Paramedian lobule, granular layer",6,1025.0,ECE754
1033,Copula pyramidis,5,1073.0,FFFC91
10686,"Copula pyramidis, molecular layer",6,1033.0,FFFC91
10685,"Copula pyramidis, Purkinje layer",6,1033.0,FFFC91
10684,"Copula pyramidis, granular layer",6,1033.0,ECE754
1041,Paraflocculus,5,1073.0,FFFC91
10689,"Paraflocculus, molecular layer",6,1041.0,FFFC91
10688,"Paraflocculus, Purkinje layer",6,1041.0,FFFC91
10687,"Paraflocculus, granular layer",6,1041.0,ECE754
1049,Flocculus,5,1073.0,FFFC91
10692,"Flocculus, molecular layer",6,1049.0,FFFC91
10691,"Flocculus, Purkinje layer",6,1049.0,FFFC91
10690,"Flocculus, granular layer",6,1049.0,ECE754
519,Cerebellar nuclei,3,512.0,F0F080
989,Fastigial nucleus,4,519.0,FFFDBC
91,Interposed nucleus,4,519.0,FFFDBC
846,Dentate nucleus,4,519.0,FFFDBC
589508455,Vestibulocerebellar nucleus,4,519.0,FFFDBC
1009,fiber tracts,1,997.0,CCCCCC
967,cranial nerves,2,1009.0,CCCCCC
885,terminal nerve,3,967.0,CCCCCC
949,vomeronasal nerve,3,967.0,CCCCCC
840,olfactory nerve,3,967.0,CCCCCC
1016,olfactory nerve layer of main olfactory bulb,4,840.0,CCCCCC
21,"lateral olfactory tract, general",4,840.0,CCCCCC
665,"lateral olfactory tract, body",5,21.0,CCCCCC
538,dorsal limb,5,21.0,CCCCCC
459,accessory olfactory tract,5,21.0,CCCCCC
900,"anterior commissure, olfactory limb",4,840.0,CCCCCC
848,optic nerve,3,967.0,CCCCCC
876,accessory optic tract,4,848.0,CCCCCC
916,brachium of the superior colliculus,4,848.0,CCCCCC
336,superior colliculus commissure,4,848.0,CCCCCC
117,optic chiasm,4,848.0,CCCCCC
125,optic tract,4,848.0,CCCCCC
357,tectothalamic pathway,4,848.0,CCCCCC
832,oculomotor nerve,3,967.0,CCCCCC
62,medial longitudinal fascicle,4,832.0,CCCCCC
158,posterior commissure,4,832.0,CCCCCC
911,trochlear nerve,3,967.0,CCCCCC
384,trochlear nerve decussation,4,911.0,CCCCCC
710,abducens nerve,3,967.0,CCCCCC
901,trigeminal nerve,3,967.0,CCCCCC
93,motor root of the trigeminal nerve,4,901.0,CCCCCC
229,sensory root of the trigeminal nerve,4,901.0,CCCCCC
705,midbrain tract of the trigeminal nerve,5,229.0,CCCCCC
794,spinal tract of the trigeminal nerve,5,229.0,CCCCCC
798,facial nerve,3,967.0,CCCCCC
1131,intermediate nerve,4,798.0,CCCCCC
1116,genu of the facial nerve,4,798.0,CCCCCC
933,vestibulocochlear nerve,3,967.0,CCCCCC
1076,efferent cochleovestibular bundle,4,933.0,CCCCCC
413,vestibular nerve,4,933.0,CCCCCC
948,cochlear nerve,4,933.0,CCCCCC
841,trapezoid body,5,948.0,CCCCCC
641,intermediate acoustic stria,5,948.0,CCCCCC
506,dorsal acoustic stria,5,948.0,CCCCCC
658,lateral lemniscus,5,948.0,CCCCCC
633,inferior colliculus commissure,5,948.0,CCCCCC
482,brachium of the inferior colliculus,5,948.0,CCCCCC
808,glossopharyngeal nerve,3,967.0,CCCCCC
917,vagus nerve,3,967.0,CCCCCC
237,solitary tract,4,917.0,CCCCCC
717,accessory spinal nerve,3,967.0,CCCCCC
813,hypoglossal nerve,3,967.0,CCCCCC
925,ventral roots,3,967.0,CCCCCC
792,dorsal roots,3,967.0,CCCCCC
932,cervicothalamic tract,4,792.0,CCCCCC
570,dorsolateral fascicle,5,932.0,CCCCCC
522,dorsal commissure of the spinal cord,5,932.0,CCCCCC
858,ventral commissure of the spinal cord,5,932.0,CCCCCC
586,fasciculus proprius,5,932.0,CCCCCC
514,dorsal column,5,932.0,CCCCCC
380,cuneate fascicle,6,514.0,CCCCCC
388,gracile fascicle,6,514.0,CCCCCC
396,internal arcuate fibers,6,514.0,CCCCCC
697,medial lemniscus,5,932.0,CCCCCC
871,spinothalamic tract,3,967.0,CCCCCC
29,lateral spinothalamic tract,4,871.0,CCCCCC
389,ventral spinothalamic tract,4,871.0,CCCCCC
245,spinocervical tract,4,871.0,CCCCCC
261,spino-olivary pathway,4,871.0,CCCCCC
270,spinoreticular pathway,4,871.0,CCCCCC
293,spinovestibular pathway,4,871.0,CCCCCC
277,spinotectal pathway,4,871.0,CCCCCC
253,spinohypothalamic pathway,4,871.0,CCCCCC
285,spinotelenchephalic pathway,4,871.0,CCCCCC
627,hypothalamohypophysial tract,5,285.0,CCCCCC
960,cerebellum related fiber tracts,2,1009.0,CCCCCC
744,cerebellar commissure,3,960.0,CCCCCC
752,cerebellar peduncles,3,960.0,CCCCCC
326,superior cerebelar peduncles,4,752.0,CCCCCC
812,superior cerebellar peduncle decussation,5,326.0,CCCCCC
85,spinocerebellar tract,6,812.0,CCCCCC
850,uncinate fascicle,5,326.0,CCCCCC
866,ventral spinocerebellar tract,5,326.0,CCCCCC
78,middle cerebellar peduncle,4,752.0,CCCCCC
1123,inferior cerebellar peduncle,4,752.0,CCCCCC
553,dorsal spinocerebellar tract,5,1123.0,CCCCCC
499,cuneocerebellar tract,5,1123.0,CCCCCC
650,juxtarestiform body,5,1123.0,CCCCCC
490,bulbocerebellar tract,5,1123.0,CCCCCC
404,olivocerebellar tract,6,490.0,CCCCCC
410,reticulocerebellar tract,6,490.0,CCCCCC
373,trigeminocerebellar tract,4,752.0,CCCCCC
728,arbor vitae,3,960.0,CCCCCC
484682512,supra-callosal cerebral white matter,2,1009.0,CCCCCC
983,lateral forebrain bundle system,2,1009.0,CCCCCC
776,corpus callosum,3,983.0,CCCCCC
956,"corpus callosum, anterior forceps",4,776.0,CCCCCC
579,external capsule,5,956.0,CCCCCC
964,"corpus callosum, extreme capsule",4,776.0,CCCCCC
1108,genu of corpus callosum,4,776.0,CCCCCC
971,"corpus callosum, posterior forceps",4,776.0,CCCCCC
979,"corpus callosum, rostrum",4,776.0,CCCCCC
484682516,"corpus callosum, body",4,776.0,CCCCCC
986,"corpus callosum, splenium",4,776.0,CCCCCC
784,corticospinal tract,3,983.0,CCCCCC
6,internal capsule,4,784.0,CCCCCC
924,cerebal peduncle,4,784.0,CCCCCC
1036,corticotectal tract,4,784.0,CCCCCC
1012,corticorubral tract,4,784.0,CCCCCC
1003,corticopontine tract,4,784.0,CCCCCC
994,corticobulbar tract,4,784.0,CCCCCC
190,pyramid,4,784.0,CCCCCC
198,pyramidal decussation,4,784.0,CCCCCC
1019,"corticospinal tract, crossed",4,784.0,CCCCCC
1028,"corticospinal tract, uncrossed",4,784.0,CCCCCC
896,thalamus related,3,983.0,CCCCCC
1092,external medullary lamina of the thalamus,4,896.0,CCCCCC
14,internal medullary lamina of the thalamus,4,896.0,CCCCCC
86,middle thalamic commissure,4,896.0,CCCCCC
365,thalamic peduncles,4,896.0,CCCCCC
484682520,optic radiation,4,896.0,CCCCCC
484682524,auditory radiation,4,896.0,CCCCCC
1000,extrapyramidal fiber systems,2,1009.0,CCCCCC
760,cerebral nuclei related,3,1000.0,CCCCCC
142,pallidothalamic pathway,4,760.0,CCCCCC
102,nigrostriatal tract,4,760.0,CCCCCC
109,nigrothalamic fibers,4,760.0,CCCCCC
134,pallidotegmental fascicle,4,760.0,CCCCCC
309,striatonigral pathway,4,760.0,CCCCCC
317,subthalamic fascicle,4,760.0,CCCCCC
877,tectospinal pathway,3,1000.0,CCCCCC
1051,direct tectospinal pathway,4,877.0,CCCCCC
1060,doral tegmental decussation,4,877.0,CCCCCC
1043,crossed tectospinal pathway,4,877.0,CCCCCC
863,rubrospinal tract,3,1000.0,CCCCCC
397,ventral tegmental decussation,4,863.0,CCCCCC
221,rubroreticular tract,4,863.0,CCCCCC
736,central tegmental bundle,3,1000.0,CCCCCC
855,retriculospinal tract,3,1000.0,CCCCCC
205,"retriculospinal tract, lateral part",4,855.0,CCCCCC
213,"retriculospinal tract, medial part",4,855.0,CCCCCC
941,vestibulospinal pathway,3,1000.0,CCCCCC
991,medial forebrain bundle system,2,1009.0,CCCCCC
768,cerebrum related,3,991.0,CCCCCC
884,amygdalar capsule,4,768.0,CCCCCC
892,ansa peduncularis,4,768.0,CCCCCC
908,"anterior commissure, temporal limb",4,768.0,CCCCCC
940,cingulum bundle,4,768.0,CCCCCC
1099,fornix system,4,768.0,CCCCCC
466,alveus,5,1099.0,CCCCCC
530,dorsal fornix,5,1099.0,CCCCCC
603,fimbria,5,1099.0,CCCCCC
745,"precommissural fornix, general",5,1099.0,CCCCCC
420,precommissural fornix diagonal band,6,745.0,CCCCCC
737,postcommissural fornix,5,1099.0,CCCCCC
428,medial corticohypothalamic tract,6,737.0,CCCCCC
436,columns of the fornix,6,737.0,CCCCCC
618,hippocampal commissures,5,1099.0,CCCCCC
443,dorsal hippocampal commissure,6,618.0,CCCCCC
449,ventral hippocampal commissure,6,618.0,CCCCCC
713,perforant path,5,1099.0,CCCCCC
474,angular path,5,1099.0,CCCCCC
37,longitudinal association bundle,4,768.0,CCCCCC
301,stria terminalis,4,768.0,CCCCCC
484682528,commissural branch of stria terminalis,5,301.0,CCCCCC
824,hypothalamus related,3,991.0,CCCCCC
54,medial forebrain bundle,4,824.0,CCCCCC
405,ventrolateral hypothalamic tract,4,824.0,CCCCCC
174,preoptic commissure,4,824.0,CCCCCC
349,supraoptic commissures,4,824.0,CCCCCC
817,"supraoptic commissures, anterior",5,349.0,CCCCCC
825,"supraoptic commissures, dorsal",5,349.0,CCCCCC
833,"supraoptic commissures, ventral",5,349.0,CCCCCC
166,premammillary commissure,4,824.0,CCCCCC
341,supramammillary decussation,4,824.0,CCCCCC
182,propriohypothalamic pathways,4,824.0,CCCCCC
762,"propriohypothalamic pathways, dorsal",5,182.0,CCCCCC
770,"propriohypothalamic pathways, lateral",5,182.0,CCCCCC
779,"propriohypothalamic pathways, medial",5,182.0,CCCCCC
787,"propriohypothalamic pathways, ventral",5,182.0,CCCCCC
150,periventricular bundle of the hypothalamus,4,824.0,CCCCCC
46,mammillary related,4,824.0,CCCCCC
753,principal mammillary tract,5,46.0,CCCCCC
690,mammillothalamic tract,5,46.0,CCCCCC
681,mammillotegmental tract,5,46.0,CCCCCC
673,mammillary peduncle,5,46.0,CCCCCC
1068,dorsal thalamus related,4,824.0,CCCCCC
722,periventricular bundle of the thalamus,5,1068.0,CCCCCC
1083,epithalamus related,4,824.0,CCCCCC
802,stria medullaris,5,1083.0,CCCCCC
595,fasciculus retroflexus,5,1083.0,CCCCCC
611,habenular commissure,5,1083.0,CCCCCC
730,pineal stalk,5,1083.0,CCCCCC
70,midbrain related,4,824.0,CCCCCC
547,dorsal longitudinal fascicle,5,70.0,CCCCCC
563,dorsal tegmental tract,5,70.0,CCCCCC
73,ventricular systems,1,997.0,AAAAAA
81,lateral ventricle,2,73.0,AAAAAA
89,rhinocele,3,81.0,AAAAAA
98,subependymal zone,3,81.0,AAAAAA
108,choroid plexus,3,81.0,AAAAAA
116,choroid fissure,3,81.0,AAAAAA
124,interventricular foramen,2,73.0,AAAAAA
129,third ventricle,2,73.0,AAAAAA
140,cerebral aqueduct,2,73.0,AAAAAA
145,fourth ventricle,2,73.0,AAAAAA
153,lateral recess,3,145.0,AAAAAA
164,"central canal, spinal cord/medulla",2,73.0,AAAAAA
1024,grooves,1,997.0,AAAAAA
1032,grooves of the cerebral cortex,2,1024.0,AAAAAA
1055,endorhinal groove,3,1032.0,AAAAAA
1063,hippocampal fissure,3,1032.0,AAAAAA
1071,rhinal fissure,3,1032.0,AAAAAA
1078,rhinal incisure,3,1032.0,AAAAAA
1040,grooves of the cerebellar cortex,2,1024.0,AAAAAA
1087,precentral fissure,3,1040.0,AAAAAA
1095,preculminate fissure,3,1040.0,AAAAAA
1103,primary fissure,3,1040.0,AAAAAA
1112,posterior superior fissure,3,1040.0,AAAAAA
1119,prepyramidal fissure,3,1040.0,AAAAAA
3,secondary fissure,3,1040.0,AAAAAA
11,posterolateral fissure,3,1040.0,AAAAAA
18,nodular fissure,3,1040.0,AAAAAA
25,simple fissure,3,1040.0,AAAAAA
34,intercrural fissure,3,1040.0,AAAAAA
43,ansoparamedian fissure,3,1040.0,AAAAAA
49,intraparafloccular fissure,3,1040.0,AAAAAA
57,paramedian sulcus,3,1040.0,AAAAAA
65,parafloccular sulcus,3,1040.0,AAAAAA
624,Interpeduncular fossa,2,1024.0,AAAAAA
304325711,retina,1,997.0,7F2E7E
